{"cameraMode":{"drawMode":0,"name":"Shaded","section":"Shading Mode"},"sceneLighting":false,"audioPlay":false,"sceneViewState":{"showFog":true,"showMaterialUpdate":false,"showSkybox":false,"showFlares":true,"showImageEffects":true,"showParticleSystems":true},"in2DMode":false,"pivot":{"x":0.32090628147125246,"y":13.912158966064454,"z":3.6067633628845217},"rotation":{"x":0.032883498817682269,"y":0.9569956660270691,"z":-0.26208561658859255,"w":0.12005641311407089},"size":0.3000563383102417,"orthographic":false}