{"cameraMode":{"drawMode":0,"name":"Shaded","section":"Shading Mode"},"sceneLighting":false,"audioPlay":false,"sceneViewState":{"showFog":true,"showMaterialUpdate":false,"showSkybox":false,"showFlares":true,"showImageEffects":true,"showParticleSystems":true},"in2DMode":false,"pivot":{"x":-0.038263291120529178,"y":6.259594917297363,"z":0.004499971866607666},"rotation":{"x":0.016905462369322778,"y":0.9626634120941162,"z":0.061878543347120288,"w":-0.2630062699317932},"size":22.75248146057129,"orthographic":false}