{"cameraMode":{"drawMode":0,"name":"Shaded","section":"Shading Mode"},"sceneLighting":true,"audioPlay":false,"sceneViewState":{"showFog":true,"showMaterialUpdate":false,"showSkybox":false,"showFlares":true,"showImageEffects":true,"showParticleSystems":true},"in2DMode":false,"pivot":{"x":0.0,"y":9.239999771118164,"z":0.820000171661377},"rotation":{"x":0.22814179956912995,"y":0.45326513051986697,"z":-0.12122705578804016,"w":0.8531349897384644},"size":40.010372161865237,"orthographic":false}